,statistic,pvalue,params,pvalues,r_squared
t_test_high_pre_vs_crisis,1.6493125727311162,0.10686776749550041,,,
t_test_low_pre_vs_crisis,0.5142171314694238,0.6100980438267365,,,
levene_var_test_high,28.97168550380522,6.985391548990483e-07,,,
levene_var_test_low,24.863970640233045,3.440550938144996e-06,,,
regression_high_portfolio,,,"{'const': 0.0006261006002093473, 'market': 1.7105661212800642, 'crisis_dummy': -0.009777462302208658}","{'const': 0.9391995011335472, 'market': 4.728520884816734e-19, 'crisis_dummy': 0.43256294551124774}",0.6469053501860922
